,roomId,accommodationId,name,checkIn,checkOut,defaultPeople,maxPeople
0,1,1,랜덤객실,23.0,12,2,2
1,2,1,로이,23.0,12,2,2
2,3,1,샴페인골드,23.0,12,2,2
3,4,1,미스트,23.0,12,2,2
4,5,1,에메랄드,23.0,12,2,2
5,6,1,아쿠아,23.0,12,2,2
6,7,1,다이아골드,23.0,12,2,2
7,8,1,비앙코,23.0,12,2,2
8,9,1,브론즈글라스,23.0,12,2,2
9,10,1,골드글라스,23.0,12,2,2
10,11,2,SPECIAL(전차종 주차가능/넷플릭스-본인계정/...,21.0,12,2,2
11,12,2,PREMIUM(심야대실- 전차종 주차가능/넷플릭스...,21.0,12,2,2
12,13,2,STANDARD(주차불가/넷플릭스-본인계정/조식무...,21.0,12,2,2
13,14,2,STANDARD(전차종 주차가능/넷플릭스-본인계정...,21.0,12,2,2
14,15,2,STANDARD(주차불가/넷플릭스-본인계정/조식무...,21.0,12,2,2
15,16,2,DELUXE(전차종 주차가능/넷플릭스-본인계정/...,21.0,12,2,2
16,17,2,PREMIUM(전차종 주차가능/넷플릭스-본인계정/...,21.0,12,2,2
17,18,2,PREMIUM+EVENT(전차종 주차가능/넷플릭스-본...,21.0,12,2,2
18,19,3,스페셜(랜덤배정),21.0,12,2,2
19,20,3,스탠다드 (페이백),21.0,12,2,2
20,21,3,스탠다드,21.0,12,2,2
21,22,3,슈페리얼,21.0,12,2,2
22,23,3,스탠다드(도보전용/주차불가),21.0,12,2,2
23,24,3,디럭스,21.0,12,2,2
24,25,3,스위트,21.0,12,2,2
25,26,3,로얄스위트,21.0,12,2,2
26,27,4,Standard (페이백),22.0,12,2,2
27,28,4,Late Standard(객실 랜덤배정),22.0,12,2,2
28,29,4,Standard(객실 랜덤배정),22.0,12,2,2
29,30,4,"Standard(5회 이용시 1회 무료)토,일 공휴일 ...",22.0,12,2,2
30,31,4,"Deluxe(75Inch SMART TV, 넷플릭스프리존, 랜...",22.0,12,2,2
31,32,4,Suite (객실랜덤 배정),22.0,12,2,2
32,33,5,슈페리어 - 주차불가(금연객실),21.0,12,2,2
33,34,5,슈페리어(금연객실),21.0,12,2,2
34,35,5,디럭스A - 주차불가(금연객실),21.0,12,2,2
35,36,5,디럭스B - 주차불가(금연객실),21.0,12,2,2
36,37,5,디럭스 A(금연객실),21.0,12,2,2
37,38,5,디럭스 B(금연객실),21.0,12,2,2
38,39,5,스위트,21.0,12,2,2
39,40,5,VIP,21.0,12,2,2
40,41,6,"디럭스(주차불가차량suv,박스카,튜닝카,럭셔...",22.0,12,2,2
41,42,6,"디럭스 주차불가 (도보전용,넷플릭스 시청가능)",22.0,12,2,2
42,43,6,"디럭스(주차불가차량suv,박스카,튜닝카,럭셔...",22.0,12,2,2
43,44,6,프리미엄 (넷플릭스 시청가능),22.0,12,2,2
44,45,6,"스위트 주차불가(도보전용,,넷플릭스 시청가능)",22.0,12,2,2
45,46,6,스위트 (넷플릭스 시청가능),22.0,12,2,2
46,47,6,로얄 스위트 ((넷플릭스 시청가능),22.0,12,2,2
47,48,7,디럭스(주차불가),21.0,12,2,2
48,49,7,디럭스,21.0,12,2,2
49,50,7,프리미엄,21.0,12,2,2
50,51,7,스위트,21.0,12,2,2
51,52,7,로얄스위트,21.0,12,2,2
52,53,8,DELUXE,22.0,12,2,2
53,54,8,SUITE,22.0,12,2,2
54,55,8,SUITE TWIN,22.0,12,2,2
55,56,8,PREMIUM,22.0,12,2,2
56,57,9,"Superior Twin(넷플릭스 시청가능,본인계정으...",15.0,12,2,2
57,58,9,"Deluxe Family Twin (넷플릭스 시청가능,본인...",15.0,12,2,2
58,59,9,"Deluxe Double(넷플릭스 시청가능,본인계정으...",15.0,12,2,2
59,60,9,"Designers Suite(넷플릭스 시청가능,본인계정...",15.0,12,2,2
60,61,9,"LYJ Suite(넷플릭스 시청가능,본인계정으로만...",15.0,12,2,2
61,62,10,일반실,20.0,12,2,2
62,63,10,준특실,20.0,12,2,2
63,64,10,안마의자 릴렉스 객실,20.0,12,2,2
64,65,10,투룸 VIP 특실,20.0,12,2,2
65,66,11,디럭스룸 얼리체크인10시(2인기준),17.0,12,2,2
66,67,11,파크 디럭스(2인 기준),17.0,12,2,2
67,68,11,클래식 더블(2인 기준),17.0,12,2,2
68,69,11,스파 디럭스(2인 기준),17.0,12,2,2
69,70,11,디럭스룸 24시패키지(2인기준),17.0,12,2,2
70,71,11,스파 디럭스(648호텔 패키지24시간 사용),17.0,12,2,2
71,72,11,스파 더블 디럭스(2인 기준),17.0,12,2,2
72,73,11,더블 디럭스 (랜덤배정),17.0,12,2,2
73,74,11,펜트하우스 (4인까지가능-혼숙불가),17.0,12,2,2
74,75,11,펜트하우스648(4인까지가능),17.0,12,2,2
75,76,12,로얄스위트룸 (수영장 / 빔프로젝터/건식사우...,22.0,12,2,2
76,77,12,로얄스위트룸  (복층 /포켓볼/빔 프로젝터)/4...,22.0,12,2,2
77,78,12,스위트룸(단층 / 빔 프로젝터)/4인기준,22.0,12,2,2
78,79,12,스탠다드B,22.0,12,2,2
79,80,12,디럭스B,22.0,12,2,2
80,81,12,프리미엄B,22.0,12,2,2
81,82,12,스탠다드 A,22.0,12,2,2
82,83,12,디럭스 A,22.0,12,2,2
83,84,12,프리미엄A,22.0,12,2,2
84,85,13,"슈페리얼(도보특가,각종OTT무료)",21.0,12,2,2
85,86,13,"슈페리얼(랜덤배정,각종OTT무료)",21.0,12,2,2
86,87,13,"프리미엄A(스타일러,욕조,각종 OTT무료)",21.0,12,2,2
87,88,13,"프리미엄B(욕조,각종OTT무료)",21.0,12,2,2
88,89,13,"스위트B(쇼파베드,스타일러)",21.0,12,2,2
89,90,13,"스위트A(안마의자,two베드,스타일러)",21.0,12,2,2
90,91,13,"루프탑 패키지(이용은 숙소로 문의/넷플릭스,...",21.0,12,2,2
91,92,14,스탠다드(주차불가),23.0,12,2,2
92,93,14,"스탠다드(넷플릭스,랜덤배정)",23.0,12,2,2
93,94,14,"도보전용(디럭스,넷플릭스, 랜덤배정)",23.0,12,2,2
94,95,14,"색시룸(넷플릭스,랜덤배정)",23.0,12,2,2
95,96,14,"디럭스(넷플릭스,랜덤배정)",23.0,12,2,2
96,97,14,디럭스 2PC,23.0,12,2,2
97,98,14,"스위트(넷플릭스,랜덤배정)",23.0,12,2,2
98,99,14,"오늘의특가(주차불가,객실 랜덤 배정)",23.0,12,2,2
99,100,14,"스위트 패밀리 트윈(넷플릭스, 랜덤배정)",23.0,12,2,2
100,101,14,"스위트 스파(넷플릭스,랜덤배정)",23.0,12,2,2
101,102,14,아드리게 노천탕,23.0,12,2,2
102,103,15,배그 풀옵 2PC룸(I5-9400/16G/RTX2060/144hz/...,21.0,12,2,2
103,104,15,스위트 이벤트룸(기존4인/노래방/노하드 배틀...,21.0,12,2,2
104,105,15,Standard(도보전용),17.0,14,2,2
105,106,15,Deluxe A,17.0,14,2,2
106,107,15,Deluxe B,17.0,14,2,2
107,108,15,VIP,17.0,14,2,2
108,109,15,VIP Twin,17.0,14,2,2
109,110,15,배그 2PC룸(i5-7500/16G/GTX1060/144hz/넷플...,21.0,12,2,2
110,111,15,배그 1PC룸(I5-7500/16G/GTX1060/144hz/넷플...,21.0,12,2,2
111,112,15,이벤트룸,17.0,14,2,2
112,113,16,standard(도보전용),15.0,12,2,2
113,114,16,65인치 Cinema(넷플릭스 본인 계정 사용),15.0,12,2,2
114,115,16,75인치 Cinema(넷플릭스 본인 계정 사용),15.0,12,2,2
115,116,16,Twin(넷플릭스),15.0,12,2,2
116,117,16,안마의자 65인치 Cinema(넷플릭스 본인 계정 ...,15.0,12,2,2
117,118,17,Premier[객실랜덤]-와인무료제공 (연박예약 ...,16.0,12,2,2
118,119,17,Superior Suite[객실랜덤]-와인무료제공 (연...,16.0,12,2,2
119,120,17,Superior Suite [Late Check in & 객실랜덤](...,16.0,12,2,2
120,121,17,Premier [Late Check in & 객실랜덤]( 연박 ...,16.0,12,2,2
121,122,17,Classic [Late Check in & 객실랜덤]( 연박 ...,16.0,12,2,2
122,123,17,Classic[객실랜덤]-와인무료제공 (연박예약 ...,16.0,12,2,2
123,124,17,[선착순 룸 업그레이드] Premier를 Superior ...,16.0,12,2,2
124,125,17,[선착순 룸 업그레이드] Classic를 Premier ~...,16.0,12,2,2
125,126,17,[선착순 룸 업그레이드]Classic를 Superior S...,16.0,12,2,2
126,127,17,[호캉스 set] Classic-호텔 떡볶이+음료2잔 ...,16.0,12,2,2
127,128,17,[호캉스 set] Premier-호텔 떡볶이+음료2잔 o...,16.0,12,2,2
128,129,17,[호캉스 set] Suite-호텔 떡볶이+음료2잔 or ...,16.0,12,2,2
129,130,17,"Classic 무료주차(연박 예약불가,객실 랜덤배정)",16.0,12,2,2
130,131,17,"Classic[도보전용] ( 연박 예약불가, 객실 랜...",16.0,12,2,2
131,132,17,Classic [객실랜덤] (연박예약 가능),16.0,12,2,2
132,133,17,"14시 체크아웃 Classic [객실랜덤,연박불가]",16.0,12,2,2
133,134,17,Premier [객실랜덤] (연박예약 가능),16.0,12,2,2
134,135,17,"14시 체크아웃 Premier [객실랜덤,연박불가]",16.0,12,2,2
135,136,17,Superior Suite [객실랜덤] (연박예약 가능),16.0,12,2,2
136,137,17,"14시 체크아웃 Superior Suite [객실랜덤,연...",16.0,12,2,2
137,138,18,Deluxe with Spa,20.0,12,2,2
138,139,18,Deluxe,20.0,12,2,2
139,140,18,"Deluxe (객실랜덤,낮숙박)",20.0,12,2,2
140,141,18,Suite,20.0,12,2,2
141,142,18,"Suite (객실랜덤,낮숙박)",20.0,12,2,2
142,143,19,일반(넷플릭스),20.0,12,2,2
143,144,19,"일반(도보전용,주차불가)",20.0,12,2,2
144,145,19,특실(넷플릭스),20.0,12,2,2
145,146,19,VIP(넷플릭스),20.0,12,2,2
146,147,20,스탠다드 주차불가(선착순),18.0,12,2,2
147,148,20,스탠다드,18.0,12,2,2
148,149,20,디럭스,18.0,12,2,2
149,150,20,트윈(더블/싱글),18.0,12,2,2
150,151,20,스위트(더블/싱글),18.0,12,2,2
151,152,21,Deluxe(빠른입실/도보전용),22.0,12,2,2
152,153,21,Deluxe(빠른입실/주차전용),22.0,12,2,2
153,154,21,Deluxe(늦은입실/도보전용),22.0,12,2,2
154,155,21,Deluxe(늦은입실/주차전용),22.0,12,2,2
155,156,21,Deluxe(넷플릭스 전용),22.0,12,2,2
156,157,21,Deluxe Twin,22.0,12,2,2
157,158,21,Royal Suite(넷플릭스 전용),22.0,12,2,2
158,159,21,Suite(넷플릭스 전용),22.0,12,2,2
159,160,22,"야간대실 이벤트룸(넷플릭스 시청가능, 객실...",20.0,12,2,2
160,161,22,"당일특가 이벤트룸(넷플릭스 시청가능, 객실 ...",20.0,12,2,2
161,162,22,"빠른입실 이벤트룸(넷플릭스 시청가능, 객실 ...",20.0,12,2,2
162,163,22,"늦은퇴실 이벤트룸(넷플릭스 시청가능, 객실 ...",20.0,12,2,2
163,164,22,스탠다드(넷플릭스 시청가능),20.0,12,2,2
164,165,22,"무한대실 랜덤배정(스탠다드,디럭스객실 랜덤...",20.0,12,2,2
165,166,22,디럭스(넷플릭스 시청가능),20.0,12,2,2
166,167,22,스위트 트윈(넷플릭스 시청가능),20.0,12,2,2
167,168,22,스위트(넷플릭스 시청가능),20.0,12,2,2
168,169,23,"무한이벤트룸 (넷플릭스, 유튜브)",15.0,12,2,2
169,170,23,"무한디럭스 더블 (넷플릭스, 유튜브)",15.0,12,2,2
170,171,23,"무한비즈니스 더블 (넷플릭스, 유튜브)",15.0,12,2,2
171,172,23,"무한스위트 트윈 (넷플릭스, 유튜브)",15.0,12,2,2
172,173,23,"스위트 릴렉스 (넷플릭스, 유튜브)",15.0,12,2,2
173,174,23,"이벤트룸 (넷플릭스, 유튜브)",15.0,12,2,2
174,175,23,"디럭스 더블 (넷플릭스, 유튜브)",15.0,12,2,2
175,176,23,"디럭스 트윈 (넷플릭스, 유튜브)",15.0,12,2,2
176,177,23,"비즈니스 더블 (넷플릭스, 유튜브)",15.0,12,2,2
177,178,23,"비즈니스 트윈 (넷플릭스, 유튜브)",15.0,12,2,2
178,179,23,"스위트 트윈 (넷플릭스, 유튜브)",15.0,12,2,2
179,180,23,"데님 스위트 (넷플릭스, 유튜브)",15.0,12,2,2
180,181,24,Standard,21.0,12,2,2
181,182,24,Standard,21.0,12,2,2
182,183,24,Tom room,21.0,12,2,2
183,184,24,Jerry room,21.0,12,2,2
184,185,25,"스위트 루프탑(수영장 이용불가,글램핑,트윈,...",21.0,12,2,2
185,186,25,"스위트 루프탑(수영장이용가능,글램핑,트윈,...",21.0,12,2,2
186,187,25,"파티스위트 루프탑(수영장이용가능,글램핑,트...",21.0,12,2,2
187,188,25,"무한대실 디럭스(욕조유무 랜덤배정, 넷플릭...",21.0,12,2,2
188,189,25,"파티스위트 루프탑(수영장 이용불가,글램핑, ...",21.0,12,2,2
189,190,25,도보전용 디럭스(주차불가/랜덤배정/넷플릭스...,21.0,12,2,2
190,191,25,디럭스A(랜덤배정/넷플릭스-본인계정),21.0,12,2,2
191,192,25,"디럭스 트윈A(트윈베드,넷플릭스(본인계정))",21.0,12,2,2
192,193,25,디럭스B(랜덤배정/넷플릭스-본인계정),21.0,12,2,2
193,194,25,"프리미엄 트윈(트윈베드,넷플릭스(본인계정))",21.0,12,2,2
194,195,25,"디럭스 트윈B(트윈베드,넷플릭스(본인계정))",21.0,12,2,2
195,196,26,STANDARD ROOM,21.0,12,2,2
196,197,26,DELUXE ROOM,21.0,12,2,2
197,198,26,SUITE ROOM,21.0,12,2,2
198,199,26,ROYAL SUITE ROOM,21.0,12,2,2
199,200,27,이벤트룸 (도보전용/주차X),23.0,12,2,2
200,201,27,스탠다드A-넷플릭스 프리,23.0,12,2,2
201,202,27,디럭스A-넷플릭스 프리,23.0,12,2,2
202,203,27,스탠다드B-넷플릭스 프리,23.0,12,2,2
203,204,27,디럭스B-넷플릭스 프리,23.0,12,2,2
204,205,28,무한대실(최대8시간),21.0,12,2,2
205,206,28,얼리체크인,21.0,12,2,2
206,207,28,"도보 전용 특가(주차불가,넷플릭스 시청가능 ...",21.0,12,2,2
207,208,28,스탠다드A(넷플릭스 시청가능 랜덤배정 (욕조...,21.0,12,2,2
208,209,28,디럭스A(넷플릭스 시청가능),21.0,12,2,2
209,210,28,"디럭스 트윈(퀸베드+싱글베드,넷플릭스 시청...",21.0,12,2,2
210,211,28,"트윈게임룸(고사양PC,계정제공X,디럭스 침대1...",21.0,12,2,2
211,212,28,스탠다드B(넷플릭스 시청가능 랜덤배정 (욕조...,21.0,12,2,2
212,213,28,디럭스B(넷플릭스 시청가능),21.0,12,2,2
213,214,28,"스위트A(스타일러, 안마의자, 넷플릭스 시청...",21.0,12,2,2
214,215,28,"스위트 B(스타일러, 안마의자, 트윈베드/퀸베...",21.0,12,2,2
215,216,29,"Standard (넷플릭스,배틀그라운드)",23.0,13,2,2
216,217,29,"Deluxe (넷플릭스,배틀그라운드)",23.0,13,2,2
217,218,29,"Twin (넷플릭스,배틀그라운드)",23.0,13,2,2
218,219,29,"VIP (넷플릭스,배틀그라운드)",23.0,13,2,2
219,220,30,무한대실(슈페리어),21.0,12,2,2
220,221,30,무한대실(디럭스),21.0,12,2,2
221,222,30,야간대실,21.0,12,2,2
222,223,30,슈페리어(도보전용),21.0,12,2,2
223,224,30,슈페리어(One OrdinaryDay),21.0,12,2,2
224,225,30,디럭스(A Refresh Day),21.0,12,2,2
225,226,30,Sitting Room,21.0,12,2,2
226,227,30,Twin room,21.0,12,2,2
227,228,30,Glamorous Room,21.0,12,2,2
228,229,31,디럭스 랜덤,20.0,12,2,2
229,230,31,테라스 랜덤,20.0,12,2,2
230,231,31,Cinema 4월(20시입실),20.0,12,2,2
231,232,31,키친하우스(20시 입실),20.0,12,2,2
232,233,31,Cinema 4월(15시입실),20.0,12,2,2
233,234,31,키친하우스,20.0,12,2,2
234,235,32,Junior Suite-쥬니어스위트,22.0,12,2,2
235,236,32,"Standard-일반실(랜덤배정, 넷플릭스 본인계정)",22.0,12,2,2
236,237,32,"Standard-일반실(도보전용,랜덤배정,넷플릭스...",22.0,12,2,2
237,238,32,"Deluxe-준특실(랜덤배정, 넷플릭스 본인계정)",22.0,12,2,2
238,239,32,"Premium-프리미엄(랜덤배정, 넷플릭스 본인계정)",22.0,12,2,2
239,240,32,Suite B(넷플릭스 본인계정),22.0,12,2,2
240,241,32,Suite A(넷플릭스 본인계정),22.0,12,2,2
241,242,33,스탠다드 (도보전용)(주차불가),21.0,12,2,2
242,243,33,스탠다드A,21.0,12,2,2
243,244,33,스탠다드B,21.0,12,2,2
244,245,33,디럭스 더블,21.0,12,2,2
245,246,34,Deluxe-주차불가,22.0,12,2,2
246,247,34,Premier-주차불가,22.0,12,2,2
247,248,34,Deluxe-주차가능,22.0,12,2,2
248,249,34,Premier Twin-주차불가,22.0,12,2,2
249,250,34,Premier (주차가능),22.0,12,2,2
250,251,34,Ace Twin-주차불가,22.0,12,2,2
251,252,34,Premier-Twin (주차가능),22.0,12,2,2
252,253,34,Ace Twin (주차가능),22.0,12,2,2
253,254,35,일반실(주차불가),20.0,12,2,2
254,255,35,일반실(주차가능),20.0,12,2,2
255,256,35,특실A,20.0,12,2,2
256,257,35,특실B,20.0,12,2,2
257,258,36,Deluxe-도보전용(주차불가),20.0,12,2,2
258,259,36,Deluxe Plus-도보전용(주차불가),20.0,12,2,2
259,260,36,비지니스룸(주차가능),20.0,12,2,2
260,261,36,Deluxe Plus(주차가능),20.0,12,2,2
261,262,36,Deluxe(주차가능),20.0,12,2,2
262,263,37,프리미어A,18.0,12,2,2
263,264,37,디럭스A,18.0,12,2,2
264,265,37,도보전용-디럭스,18.0,12,2,2
265,266,37,디럭스B,18.0,12,2,2
266,267,37,프리미어B,18.0,12,2,2
267,268,37,스위트,18.0,12,2,2
268,269,38,일반(도보 전용),23.0,12,2,2
269,270,38,"야간 대실 (새벽 2시까지 가능,주차불가)",23.0,12,2,2
270,271,38,일반,23.0,12,2,2
271,272,38,준특실,23.0,12,2,2
272,273,38,테라스룸 (야간조명없음),23.0,12,2,2
273,274,38,특실,23.0,12,2,2
274,275,25,"스위트 루프탑(수영장 이용불가,글램핑,트윈,...",21.0,12,2,2
275,276,25,"스위트 루프탑(수영장이용가능,글램핑,트윈,...",21.0,12,2,2
276,277,25,"파티스위트 루프탑(수영장이용가능,글램핑,트...",21.0,12,2,2
277,278,25,"무한대실 디럭스(욕조유무 랜덤배정, 넷플릭...",21.0,12,2,2
278,279,25,"파티스위트 루프탑(수영장 이용불가,글램핑, ...",21.0,12,2,2
279,280,25,도보전용 디럭스(주차불가/랜덤배정/넷플릭스...,21.0,12,2,2
280,281,25,디럭스A(랜덤배정/넷플릭스-본인계정),21.0,12,2,2
281,282,25,"디럭스 트윈A(트윈베드,넷플릭스(본인계정))",21.0,12,2,2
282,283,25,디럭스B(랜덤배정/넷플릭스-본인계정),21.0,12,2,2
283,284,25,"프리미엄 트윈(트윈베드,넷플릭스(본인계정))",21.0,12,2,2
284,285,25,"디럭스 트윈B(트윈베드,넷플릭스(본인계정))",21.0,12,2,2
285,286,26,STANDARD ROOM,21.0,12,2,2
286,287,26,DELUXE ROOM,21.0,12,2,2
287,288,26,SUITE ROOM,21.0,12,2,2
288,289,26,ROYAL SUITE ROOM,21.0,12,2,2
289,290,27,이벤트룸 (도보전용/주차X),23.0,12,2,2
290,291,27,스탠다드A-넷플릭스 프리,23.0,12,2,2
291,292,27,디럭스A-넷플릭스 프리,23.0,12,2,2
292,293,27,스탠다드B-넷플릭스 프리,23.0,12,2,2
293,294,27,디럭스B-넷플릭스 프리,23.0,12,2,2
294,295,28,무한대실(최대8시간),21.0,12,2,2
295,296,28,얼리체크인,21.0,12,2,2
296,297,28,"도보 전용 특가(주차불가,넷플릭스 시청가능 ...",21.0,12,2,2
297,298,28,스탠다드A(넷플릭스 시청가능 랜덤배정 (욕조...,21.0,12,2,2
298,299,28,디럭스A(넷플릭스 시청가능),21.0,12,2,2
299,300,28,"디럭스 트윈(퀸베드+싱글베드,넷플릭스 시청...",21.0,12,2,2
300,301,28,"트윈게임룸(고사양PC,계정제공X,디럭스 침대1...",21.0,12,2,2
301,302,28,스탠다드B(넷플릭스 시청가능 랜덤배정 (욕조...,21.0,12,2,2
302,303,28,디럭스B(넷플릭스 시청가능),21.0,12,2,2
303,304,28,"스위트A(스타일러, 안마의자, 넷플릭스 시청...",21.0,12,2,2
304,305,28,"스위트 B(스타일러, 안마의자, 트윈베드/퀸베...",21.0,12,2,2
305,306,29,"Standard (넷플릭스,배틀그라운드)",23.0,13,2,2
306,307,29,"Deluxe (넷플릭스,배틀그라운드)",23.0,13,2,2
307,308,29,"Twin (넷플릭스,배틀그라운드)",23.0,13,2,2
308,309,29,"VIP (넷플릭스,배틀그라운드)",23.0,13,2,2
309,310,44,Standard,23.0,12,2,2
310,311,44,Deluxe,23.0,12,2,2
311,312,44,Primium,23.0,12,2,2
312,313,44,Suite,23.0,12,2,2
313,314,30,무한대실(슈페리어),21.0,12,2,2
314,315,30,무한대실(디럭스),21.0,12,2,2
315,316,30,야간대실,21.0,12,2,2
316,317,30,슈페리어(도보전용),21.0,12,2,2
317,318,30,슈페리어(One OrdinaryDay),21.0,12,2,2
318,319,30,디럭스(A Refresh Day),21.0,12,2,2
319,320,30,Sitting Room,21.0,12,2,2
320,321,30,Twin room,21.0,12,2,2
321,322,30,Glamorous Room,21.0,12,2,2
322,323,31,디럭스 랜덤,20.0,12,2,2
323,324,31,테라스 랜덤,20.0,12,2,2
324,325,31,Cinema 4월(20시입실),20.0,12,2,2
325,326,31,키친하우스(20시 입실),20.0,12,2,2
326,327,31,Cinema 4월(15시입실),20.0,12,2,2
327,328,31,키친하우스,20.0,12,2,2
328,329,32,Junior Suite-쥬니어스위트,22.0,12,2,2
329,330,32,"Standard-일반실(랜덤배정, 넷플릭스 본인계정)",22.0,12,2,2
330,331,32,"Standard-일반실(도보전용,랜덤배정,넷플릭스...",22.0,12,2,2
331,332,32,"Deluxe-준특실(랜덤배정, 넷플릭스 본인계정)",22.0,12,2,2
332,333,32,"Premium-프리미엄(랜덤배정, 넷플릭스 본인계정)",22.0,12,2,2
333,334,32,Suite B(넷플릭스 본인계정),22.0,12,2,2
334,335,32,Suite A(넷플릭스 본인계정),22.0,12,2,2
335,336,33,스탠다드 (도보전용)(주차불가),21.0,12,2,2
336,337,33,스탠다드A,21.0,12,2,2
337,338,33,스탠다드B,21.0,12,2,2
338,339,33,디럭스 더블,21.0,12,2,2
339,340,34,Deluxe-주차불가,22.0,12,2,2
340,341,34,Premier-주차불가,22.0,12,2,2
341,342,34,Deluxe-주차가능,22.0,12,2,2
342,343,34,Premier Twin-주차불가,22.0,12,2,2
343,344,34,Premier (주차가능),22.0,12,2,2
344,345,34,Ace Twin-주차불가,22.0,12,2,2
345,346,34,Premier-Twin (주차가능),22.0,12,2,2
346,347,34,Ace Twin (주차가능),22.0,12,2,2
347,348,35,일반실(주차불가),20.0,12,2,2
348,349,35,일반실(주차가능),20.0,12,2,2
349,350,35,특실A,20.0,12,2,2
350,351,35,특실B,20.0,12,2,2
351,352,51,Deluxe-랜덤배정(연박불가/차량불가),22.0,12,2,2
352,353,51,야간대실(새벽 2시까지/차량불가),22.0,12,2,2
353,354,51,Deluxe A,22.0,12,2,2
354,355,51,Deluxe B,22.0,12,2,2
355,356,51,Deluxe C,22.0,12,2,2
356,357,51,Deluxe D,22.0,12,2,2
357,358,51,Deluxe E,22.0,12,2,2
358,359,51,Deluxe - 랜덤배정(연박불가/차량불가),22.0,12,2,2
359,360,51,Deluxe - 랜덤배정(빠른입실/연박불가/차량불가),22.0,12,2,2
360,361,51,Deluxe-랜덤배정(연박전용/차량불가),22.0,12,2,2
361,362,51,Deluxe +A,22.0,12,2,2
362,363,51,Deluxe +B,22.0,12,2,2
363,364,51,Deluxe + - 랜덤배정(연박불가),22.0,12,2,2
364,365,51,Deluxe +,22.0,12,2,2
365,366,51,Deluxe+-랜덤배정(연박전용),22.0,12,2,2
366,367,51,Suite A,22.0,12,2,2
367,368,51,Suite B,22.0,12,2,2
368,369,51,"Suite - 랜덤배정(A,B)연박불가",22.0,12,2,2
369,370,51,Suite C (연박불가),22.0,12,2,2
370,371,37,프리미어A,18.0,12,2,2
371,372,37,디럭스A,18.0,12,2,2
372,373,37,도보전용-디럭스,18.0,12,2,2
373,374,37,디럭스B,18.0,12,2,2
374,375,37,프리미어B,18.0,12,2,2
375,376,37,스위트,18.0,12,2,2
376,377,8,DELUXE,22.0,12,2,2
377,378,8,SUITE,22.0,12,2,2
378,379,8,SUITE TWIN,22.0,12,2,2
379,380,8,PREMIUM,22.0,12,2,2
380,381,9,"Superior Twin(넷플릭스 시청가능,본인계정으...",15.0,12,2,2
381,382,9,"Deluxe Family Twin (넷플릭스 시청가능,본인...",15.0,12,2,2
382,383,9,"Deluxe Double(넷플릭스 시청가능,본인계정으...",15.0,12,2,2
383,384,9,"Designers Suite(넷플릭스 시청가능,본인계정...",15.0,12,2,2
384,385,9,"LYJ Suite(넷플릭스 시청가능,본인계정으로만...",15.0,12,2,2
385,386,10,일반실,20.0,12,2,2
386,387,10,준특실,20.0,12,2,2
387,388,10,안마의자 릴렉스 객실,20.0,12,2,2
388,389,10,투룸 VIP 특실,20.0,12,2,2
389,390,24,Standard,21.0,12,2,2
390,391,24,Standard,21.0,12,2,2
391,392,24,Tom room,21.0,12,2,2
392,393,24,Jerry room,21.0,12,2,2
393,394,11,디럭스룸 얼리체크인10시(2인기준),17.0,12,2,2
394,395,11,파크 디럭스(2인 기준),17.0,12,2,2
395,396,11,클래식 더블(2인 기준),17.0,12,2,2
396,397,11,스파 디럭스(2인 기준),17.0,12,2,2
397,398,11,디럭스룸 24시패키지(2인기준),17.0,12,2,2
398,399,11,스파 디럭스(648호텔 패키지24시간 사용),17.0,12,2,2
399,400,11,스파 더블 디럭스(2인 기준),17.0,12,2,2
400,401,11,더블 디럭스 (랜덤배정),17.0,12,2,2
401,402,11,펜트하우스 (4인까지가능-혼숙불가),17.0,12,2,2
402,403,11,펜트하우스648(4인까지가능),17.0,12,2,2
403,404,25,"스위트 루프탑(수영장 이용불가,글램핑,트윈,...",21.0,12,2,2
404,405,25,"스위트 루프탑(수영장이용가능,글램핑,트윈,...",21.0,12,2,2
405,406,25,"파티스위트 루프탑(수영장이용가능,글램핑,트...",21.0,12,2,2
406,407,25,"무한대실 디럭스(욕조유무 랜덤배정, 넷플릭...",21.0,12,2,2
407,408,25,"파티스위트 루프탑(수영장 이용불가,글램핑, ...",21.0,12,2,2
408,409,25,도보전용 디럭스(주차불가/랜덤배정/넷플릭스...,21.0,12,2,2
409,410,25,디럭스A(랜덤배정/넷플릭스-본인계정),21.0,12,2,2
410,411,25,"디럭스 트윈A(트윈베드,넷플릭스(본인계정))",21.0,12,2,2
411,412,25,디럭스B(랜덤배정/넷플릭스-본인계정),21.0,12,2,2
412,413,25,"프리미엄 트윈(트윈베드,넷플릭스(본인계정))",21.0,12,2,2
413,414,25,"디럭스 트윈B(트윈베드,넷플릭스(본인계정))",21.0,12,2,2
414,415,26,STANDARD ROOM,21.0,12,2,2
415,416,26,DELUXE ROOM,21.0,12,2,2
416,417,26,SUITE ROOM,21.0,12,2,2
417,418,26,ROYAL SUITE ROOM,21.0,12,2,2
418,419,27,이벤트룸 (도보전용/주차X),23.0,12,2,2
419,420,27,스탠다드A-넷플릭스 프리,23.0,12,2,2
420,421,27,디럭스A-넷플릭스 프리,23.0,12,2,2
421,422,27,스탠다드B-넷플릭스 프리,23.0,12,2,2
422,423,27,디럭스B-넷플릭스 프리,23.0,12,2,2
423,424,12,로얄스위트룸 (수영장 / 빔프로젝터/건식사우...,22.0,12,2,2
424,425,12,로얄스위트룸  (복층 /포켓볼/빔 프로젝터)/4...,22.0,12,2,2
425,426,12,스위트룸(단층 / 빔 프로젝터)/4인기준,22.0,12,2,2
426,427,12,스탠다드B,22.0,12,2,2
427,428,12,디럭스B,22.0,12,2,2
428,429,12,프리미엄B,22.0,12,2,2
429,430,12,스탠다드 A,22.0,12,2,2
430,431,12,디럭스 A,22.0,12,2,2
431,432,12,프리미엄A,22.0,12,2,2
432,433,13,"슈페리얼(도보특가,각종OTT무료)",21.0,12,2,2
433,434,13,"슈페리얼(랜덤배정,각종OTT무료)",21.0,12,2,2
434,435,13,"프리미엄A(스타일러,욕조,각종 OTT무료)",21.0,12,2,2
435,436,13,"프리미엄B(욕조,각종OTT무료)",21.0,12,2,2
436,437,13,"스위트B(쇼파베드,스타일러)",21.0,12,2,2
437,438,13,"스위트A(안마의자,two베드,스타일러)",21.0,12,2,2
438,439,13,"루프탑 패키지(이용은 숙소로 문의/넷플릭스,...",21.0,12,2,2
439,440,28,무한대실(최대8시간),21.0,12,2,2
440,441,28,얼리체크인,21.0,12,2,2
441,442,28,"도보 전용 특가(주차불가,넷플릭스 시청가능 ...",21.0,12,2,2
442,443,28,스탠다드A(넷플릭스 시청가능 랜덤배정 (욕조...,21.0,12,2,2
443,444,28,디럭스A(넷플릭스 시청가능),21.0,12,2,2
444,445,28,"디럭스 트윈(퀸베드+싱글베드,넷플릭스 시청...",21.0,12,2,2
445,446,28,"트윈게임룸(고사양PC,계정제공X,디럭스 침대1...",21.0,12,2,2
446,447,28,스탠다드B(넷플릭스 시청가능 랜덤배정 (욕조...,21.0,12,2,2
447,448,28,디럭스B(넷플릭스 시청가능),21.0,12,2,2
448,449,28,"스위트A(스타일러, 안마의자, 넷플릭스 시청...",21.0,12,2,2
449,450,28,"스위트 B(스타일러, 안마의자, 트윈베드/퀸베...",21.0,12,2,2
450,451,29,"Standard (넷플릭스,배틀그라운드)",23.0,13,2,2
451,452,29,"Deluxe (넷플릭스,배틀그라운드)",23.0,13,2,2
452,453,29,"Twin (넷플릭스,배틀그라운드)",23.0,13,2,2
453,454,29,"VIP (넷플릭스,배틀그라운드)",23.0,13,2,2
454,455,14,스탠다드(주차불가),23.0,12,2,2
455,456,14,"스탠다드(넷플릭스,랜덤배정)",23.0,12,2,2
456,457,14,"도보전용(디럭스,넷플릭스, 랜덤배정)",23.0,12,2,2
457,458,14,"색시룸(넷플릭스,랜덤배정)",23.0,12,2,2
458,459,14,"디럭스(넷플릭스,랜덤배정)",23.0,12,2,2
459,460,14,디럭스 2PC,23.0,12,2,2
460,461,14,"스위트(넷플릭스,랜덤배정)",23.0,12,2,2
461,462,14,"오늘의특가(주차불가,객실 랜덤 배정)",23.0,12,2,2
462,463,14,"스위트 패밀리 트윈(넷플릭스, 랜덤배정)",23.0,12,2,2
463,464,14,"스위트 스파(넷플릭스,랜덤배정)",23.0,12,2,2
464,465,14,아드리게 노천탕,23.0,12,2,2
465,466,15,배그 풀옵 2PC룸(I5-9400/16G/RTX2060/144hz/...,21.0,12,2,2
466,467,15,스위트 이벤트룸(기존4인/노래방/노하드 배틀...,21.0,12,2,2
467,468,15,Standard(도보전용),17.0,14,2,2
468,469,15,Deluxe A,17.0,14,2,2
469,470,15,Deluxe B,17.0,14,2,2
470,471,15,VIP,17.0,14,2,2
471,472,15,VIP Twin,17.0,14,2,2
472,473,15,배그 2PC룸(i5-7500/16G/GTX1060/144hz/넷플...,21.0,12,2,2
473,474,15,배그 1PC룸(I5-7500/16G/GTX1060/144hz/넷플...,21.0,12,2,2
474,475,15,이벤트룸,17.0,14,2,2
475,476,16,standard(도보전용),15.0,12,2,2
476,477,16,65인치 Cinema(넷플릭스 본인 계정 사용),15.0,12,2,2
477,478,16,75인치 Cinema(넷플릭스 본인 계정 사용),15.0,12,2,2
478,479,16,Twin(넷플릭스),15.0,12,2,2
479,480,16,안마의자 65인치 Cinema(넷플릭스 본인 계정 ...,15.0,12,2,2
480,481,17,Premier[객실랜덤]-와인무료제공 (연박예약 ...,16.0,12,2,2
481,482,17,Superior Suite[객실랜덤]-와인무료제공 (연...,16.0,12,2,2
482,483,17,Superior Suite [Late Check in & 객실랜덤](...,16.0,12,2,2
483,484,17,Premier [Late Check in & 객실랜덤]( 연박 ...,16.0,12,2,2
484,485,17,Classic [Late Check in & 객실랜덤]( 연박 ...,16.0,12,2,2
485,486,17,Classic[객실랜덤]-와인무료제공 (연박예약 ...,16.0,12,2,2
486,487,17,[선착순 룸 업그레이드] Premier를 Superior ...,16.0,12,2,2
487,488,17,[선착순 룸 업그레이드] Classic를 Premier ~...,16.0,12,2,2
488,489,17,[선착순 룸 업그레이드]Classic를 Superior S...,16.0,12,2,2
489,490,17,[호캉스 set] Classic-호텔 떡볶이+음료2잔 ...,16.0,12,2,2
490,491,17,[호캉스 set] Premier-호텔 떡볶이+음료2잔 o...,16.0,12,2,2
491,492,17,[호캉스 set] Suite-호텔 떡볶이+음료2잔 or ...,16.0,12,2,2
492,493,17,"Classic 무료주차(연박 예약불가,객실 랜덤배정)",16.0,12,2,2
493,494,17,"Classic[도보전용] ( 연박 예약불가, 객실 랜...",16.0,12,2,2
494,495,17,Classic [객실랜덤] (연박예약 가능),16.0,12,2,2
495,496,17,"14시 체크아웃 Classic [객실랜덤,연박불가]",16.0,12,2,2
496,497,17,Premier [객실랜덤] (연박예약 가능),16.0,12,2,2
497,498,17,"14시 체크아웃 Premier [객실랜덤,연박불가]",16.0,12,2,2
498,499,17,Superior Suite [객실랜덤] (연박예약 가능),16.0,12,2,2
499,500,17,"14시 체크아웃 Superior Suite [객실랜덤,연...",16.0,12,2,2
500,501,30,무한대실(슈페리어),21.0,12,2,2
501,502,30,무한대실(디럭스),21.0,12,2,2
502,503,30,야간대실,21.0,12,2,2
503,504,30,슈페리어(도보전용),21.0,12,2,2
504,505,30,슈페리어(One OrdinaryDay),21.0,12,2,2
505,506,30,디럭스(A Refresh Day),21.0,12,2,2
506,507,30,Sitting Room,21.0,12,2,2
507,508,30,Twin room,21.0,12,2,2
508,509,30,Glamorous Room,21.0,12,2,2
509,510,31,디럭스 랜덤,20.0,12,2,2
510,511,31,테라스 랜덤,20.0,12,2,2
511,512,31,Cinema 4월(20시입실),20.0,12,2,2
512,513,31,키친하우스(20시 입실),20.0,12,2,2
513,514,31,Cinema 4월(15시입실),20.0,12,2,2
514,515,31,키친하우스,20.0,12,2,2
515,516,18,Deluxe with Spa,20.0,12,2,2
516,517,18,Deluxe,20.0,12,2,2
517,518,18,"Deluxe (객실랜덤,낮숙박)",20.0,12,2,2
518,519,18,Suite,20.0,12,2,2
519,520,18,"Suite (객실랜덤,낮숙박)",20.0,12,2,2
520,521,32,Junior Suite-쥬니어스위트,22.0,12,2,2
521,522,32,"Standard-일반실(랜덤배정, 넷플릭스 본인계정)",22.0,12,2,2
522,523,32,"Standard-일반실(도보전용,랜덤배정,넷플릭스...",22.0,12,2,2
523,524,32,"Deluxe-준특실(랜덤배정, 넷플릭스 본인계정)",22.0,12,2,2
524,525,32,"Premium-프리미엄(랜덤배정, 넷플릭스 본인계정)",22.0,12,2,2
525,526,32,Suite B(넷플릭스 본인계정),22.0,12,2,2
526,527,32,Suite A(넷플릭스 본인계정),22.0,12,2,2
527,528,33,스탠다드 (도보전용)(주차불가),21.0,12,2,2
528,529,33,스탠다드A,21.0,12,2,2
529,530,33,스탠다드B,21.0,12,2,2
530,531,33,디럭스 더블,21.0,12,2,2
531,532,19,일반(넷플릭스),20.0,12,2,2
532,533,19,"일반(도보전용,주차불가)",20.0,12,2,2
533,534,19,특실(넷플릭스),20.0,12,2,2
534,535,19,VIP(넷플릭스),20.0,12,2,2
535,536,20,스탠다드 주차불가(선착순),18.0,12,2,2
536,537,20,스탠다드,18.0,12,2,2
537,538,20,디럭스,18.0,12,2,2
538,539,20,트윈(더블/싱글),18.0,12,2,2
539,540,20,스위트(더블/싱글),18.0,12,2,2
540,541,34,Deluxe-주차불가,22.0,12,2,2
541,542,34,Premier-주차불가,22.0,12,2,2
542,543,34,Deluxe-주차가능,22.0,12,2,2
543,544,34,Premier Twin-주차불가,22.0,12,2,2
544,545,34,Premier (주차가능),22.0,12,2,2
545,546,34,Ace Twin-주차불가,22.0,12,2,2
546,547,34,Premier-Twin (주차가능),22.0,12,2,2
547,548,34,Ace Twin (주차가능),22.0,12,2,2
548,549,35,일반실(주차불가),20.0,12,2,2
549,550,35,일반실(주차가능),20.0,12,2,2
550,551,35,특실A,20.0,12,2,2
551,552,35,특실B,20.0,12,2,2
552,553,21,Deluxe(빠른입실/도보전용),22.0,12,2,2
553,554,21,Deluxe(빠른입실/주차전용),22.0,12,2,2
554,555,21,Deluxe(늦은입실/도보전용),22.0,12,2,2
555,556,21,Deluxe(늦은입실/주차전용),22.0,12,2,2
556,557,21,Deluxe(넷플릭스 전용),22.0,12,2,2
557,558,21,Deluxe Twin,22.0,12,2,2
558,559,21,Royal Suite(넷플릭스 전용),22.0,12,2,2
559,560,21,Suite(넷플릭스 전용),22.0,12,2,2
560,561,36,Deluxe-도보전용(주차불가),20.0,12,2,2
561,562,36,Deluxe Plus-도보전용(주차불가),20.0,12,2,2
562,563,36,비지니스룸(주차가능),20.0,12,2,2
563,564,36,Deluxe Plus(주차가능),20.0,12,2,2
564,565,36,Deluxe(주차가능),20.0,12,2,2
565,566,22,"야간대실 이벤트룸(넷플릭스 시청가능, 객실...",20.0,12,2,2
566,567,22,"당일특가 이벤트룸(넷플릭스 시청가능, 객실 ...",20.0,12,2,2
567,568,22,"빠른입실 이벤트룸(넷플릭스 시청가능, 객실 ...",20.0,12,2,2
568,569,22,"늦은퇴실 이벤트룸(넷플릭스 시청가능, 객실 ...",20.0,12,2,2
569,570,22,스탠다드(넷플릭스 시청가능),20.0,12,2,2
570,571,22,"무한대실 랜덤배정(스탠다드,디럭스객실 랜덤...",20.0,12,2,2
571,572,22,디럭스(넷플릭스 시청가능),20.0,12,2,2
572,573,22,스위트 트윈(넷플릭스 시청가능),20.0,12,2,2
573,574,22,스위트(넷플릭스 시청가능),20.0,12,2,2
574,575,37,프리미어A,18.0,12,2,2
575,576,37,디럭스A,18.0,12,2,2
576,577,37,도보전용-디럭스,18.0,12,2,2
577,578,37,디럭스B,18.0,12,2,2
578,579,37,프리미어B,18.0,12,2,2
579,580,37,스위트,18.0,12,2,2
580,581,23,"무한이벤트룸 (넷플릭스, 유튜브)",15.0,12,2,2
581,582,23,"무한디럭스 더블 (넷플릭스, 유튜브)",15.0,12,2,2
582,583,23,"무한비즈니스 더블 (넷플릭스, 유튜브)",15.0,12,2,2
583,584,23,"무한스위트 트윈 (넷플릭스, 유튜브)",15.0,12,2,2
584,585,23,"스위트 릴렉스 (넷플릭스, 유튜브)",15.0,12,2,2
585,586,23,"이벤트룸 (넷플릭스, 유튜브)",15.0,12,2,2
586,587,23,"디럭스 더블 (넷플릭스, 유튜브)",15.0,12,2,2
587,588,23,"디럭스 트윈 (넷플릭스, 유튜브)",15.0,12,2,2
588,589,23,"비즈니스 더블 (넷플릭스, 유튜브)",15.0,12,2,2
589,590,23,"비즈니스 트윈 (넷플릭스, 유튜브)",15.0,12,2,2
590,591,23,"스위트 트윈 (넷플릭스, 유튜브)",15.0,12,2,2
591,592,23,"데님 스위트 (넷플릭스, 유튜브)",15.0,12,2,2
592,593,83,Standard(지하 B1/주차불가),21.0,12,2,2
593,594,83,Standard  B,21.0,12,2,2
594,595,83,Standard C,21.0,12,2,2
595,596,83,Standard D,21.0,12,2,2
596,597,83,Standard A,21.0,12,2,2
597,598,83,Deluxe A,21.0,12,2,2
598,599,83,Deluxe B,21.0,12,2,2
599,600,83,"Standard 레이트체크아웃 (익일오후16시,도보...",21.0,12,2,2
600,601,83,"Deluxe 레이트체크아웃 (익일오후16시,도보전...",21.0,12,2,2
601,602,83,VIP,21.0,12,2,2
602,603,84,일반,,12,2,2
603,604,85,무한 대실,21.0,12,2,2
604,605,85,"스탠다드 더블(넷플릭스 개인 계정 이용가능,...",21.0,12,2,2
605,606,85,"스탠다드 트윈(침대2개,넷플릭스 개인 계정 ...",21.0,12,2,2
606,607,85,"디럭스 더블(발코니,넷플릭스 개인 계정 이용...",21.0,12,2,2
607,608,85,"얼리체크인(랜덤 배정, 전화문의 후 주차가능)",21.0,12,2,2
608,609,85,"레이트체크아웃(랜덤 배정, 전화문의 후 주차...",21.0,12,2,2
609,610,85,랜덤배정(전화문의 후 주차가능),21.0,12,2,2
610,611,86,[펫룸] 15평 슈페리어더블_호텔(주차불가),16.0,11,2,2
611,612,86,15평 슈페리어 더블_레지던스 (주차불가),16.0,11,2,2
612,613,86,15평 슈페리어 트윈_레지던스 (주차불가),16.0,11,2,2
613,614,86,15평 스탠다드 더블_호텔(주차불가),16.0,11,2,2
614,615,86,15평 슈페리어 더블_호텔(주차불가),16.0,11,2,2
615,616,87,일반(저층),21.0,11,2,2
616,617,87,일반,21.0,11,2,2
617,618,87,특실(저층),21.0,11,2,2
618,619,87,특실,21.0,11,2,2
619,620,87,VIP,21.0,11,2,2
620,621,88,"Standard(도보전용,주차불가)",20.0,12,2,2
621,622,88,Standard(넷플릭스),20.0,12,2,2
622,623,88,Deluxe(넷플릭스),20.0,12,2,2
623,624,88,Standard Twin(싱글+싱글),20.0,12,2,2
624,625,88,VIP 테라스 선릉공원뷰,20.0,12,2,2
625,626,89,스탠다드(늦은입실),15.0,11,2,2
626,627,89,스탠다드(도보전용),15.0,11,2,2
627,628,89,스탠다드(day),15.0,11,2,2
628,629,89,스탠다드,15.0,11,2,2
629,630,89,디럭스,15.0,11,2,2
630,631,89,디럭스 트윈,15.0,11,2,2
631,632,89,디럭스 파크뷰,15.0,11,2,2
632,633,89,스위트 테라스,15.0,11,2,2
633,634,89,스위트 프리미어,15.0,11,2,2
634,635,90,스탠다드,21.0,12,2,2
635,636,90,디럭스,21.0,12,2,2
636,637,90,디럭스 트윈,21.0,12,2,2
637,638,90,VIP 룸,21.0,12,2,2
638,639,2,SPECIAL(전차종 주차가능/넷플릭스-본인계정/...,21.0,12,2,2
639,640,2,PREMIUM(심야대실- 전차종 주차가능/넷플릭스...,21.0,12,2,2
640,641,2,STANDARD(주차불가/넷플릭스-본인계정/조식무...,21.0,12,2,2
641,642,2,STANDARD(전차종 주차가능/넷플릭스-본인계정...,21.0,12,2,2
642,643,2,STANDARD(주차불가/넷플릭스-본인계정/조식무...,21.0,12,2,2
643,644,2,DELUXE(전차종 주차가능/넷플릭스-본인계정/...,21.0,12,2,2
644,645,2,PREMIUM(전차종 주차가능/넷플릭스-본인계정/...,21.0,12,2,2
645,646,2,PREMIUM+EVENT(전차종 주차가능/넷플릭스-본...,21.0,12,2,2
646,647,3,스페셜(랜덤배정),21.0,12,2,2
647,648,3,스탠다드 (페이백),21.0,12,2,2
648,649,3,스탠다드,21.0,12,2,2
649,650,3,슈페리얼,21.0,12,2,2
650,651,3,스탠다드(도보전용/주차불가),21.0,12,2,2
651,652,3,디럭스,21.0,12,2,2
652,653,3,스위트,21.0,12,2,2
653,654,3,로얄스위트,21.0,12,2,2
654,655,4,Standard (페이백),22.0,12,2,2
655,656,4,Late Standard(객실 랜덤배정),22.0,12,2,2
656,657,4,Standard(객실 랜덤배정),22.0,12,2,2
657,658,4,"Standard(5회 이용시 1회 무료)토,일 공휴일 ...",22.0,12,2,2
658,659,4,"Deluxe(75Inch SMART TV, 넷플릭스프리존, 랜...",22.0,12,2,2
659,660,4,Suite (객실랜덤 배정),22.0,12,2,2
660,661,6,"디럭스(주차불가차량suv,박스카,튜닝카,럭셔...",22.0,12,2,2
661,662,6,"디럭스 주차불가 (도보전용,넷플릭스 시청가능)",22.0,12,2,2
662,663,6,"디럭스(주차불가차량suv,박스카,튜닝카,럭셔...",22.0,12,2,2
663,664,6,프리미엄 (넷플릭스 시청가능),22.0,12,2,2
664,665,6,"스위트 주차불가(도보전용,,넷플릭스 시청가능)",22.0,12,2,2
665,666,6,스위트 (넷플릭스 시청가능),22.0,12,2,2
666,667,6,로얄 스위트 ((넷플릭스 시청가능),22.0,12,2,2
667,668,95,슈페리어 퀸,15.0,11,2,2
668,669,95,[14시 레이트 체크아웃] 슈페리어 퀸,15.0,11,2,2
669,670,95,부티크 퀸,15.0,11,2,2
670,671,95,[14시 레이트 체크아웃] 부티크 퀸,15.0,11,2,2
671,672,95,[조식 2인 패키지] 슈페리어 퀸,15.0,11,2,2
672,673,95,디럭스 패밀리 랜덤배정 (더블or트윈),15.0,11,2,2
673,674,95,[14시 레이트 체크아웃] 디럭스 패밀리 랜덤...,15.0,11,2,2
674,675,95,[조식 2인 패키지] 부티크 퀸,15.0,11,2,2
675,676,95,[단독! 올인클루시브 패키지] 슈페리어 퀸,15.0,11,2,2
676,677,95,[조식 2인 패키지] 디럭스 패밀리 랜덤배정 (...,15.0,11,2,2
677,678,95,[단독! 올인클루시브 패키지] 부티크 퀸,15.0,11,2,2
678,679,95,[단독! 올인클루시브 패키지] 디럭스 패밀리 ...,15.0,11,2,2
679,680,95,골든 스위트,15.0,11,2,2
680,681,95,[14시 레이트 체크아웃] 골든 스위트,15.0,11,2,2
681,682,95,[조식 2인 패키지] 골든 스위트,15.0,11,2,2
682,683,95,[단독! 올인클루시브 패키지] 골든 스위트,15.0,11,2,2
683,684,101,[주차 불가] 카푸치노 킹,15.0,11,2,2
684,685,101,카푸치노 킹 (Room Only),15.0,11,2,2
685,686,101,[조식 뷔페 2인 패키지] 카푸치노 킹,15.0,11,2,2
686,687,101,[주차 불가] 슈퍼 트윈,15.0,11,2,2
687,688,101,슈퍼 트윈 (Room Only),15.0,11,2,2
688,689,101,바크킹 (Room Only),15.0,11,2,2
689,690,101,[조식 뷔페 2인 패키지] 슈퍼 트윈,15.0,11,2,2
690,691,101,바크트윈룸,15.0,11,2,2
691,692,102,슈페리어 트윈,15.0,12,2,2
692,693,102,디럭스 더블,15.0,12,2,2
693,694,102,디럭스 패밀리 트윈,15.0,12,2,2
694,695,102,[조식 1+1 패키지] 슈페리어 트윈,15.0,12,2,2
695,696,102,[조식 1+1 패키지] 디럭스 패밀리 트윈,15.0,12,2,2
696,697,102,[조식 1+1 패키지] 디럭스 더블,15.0,12,2,2
697,698,102,스위트,15.0,12,2,2
698,699,102,디자이너스 스위트 트리플,15.0,12,2,2
699,700,102,[조식 1+1 패키지] 스위트,15.0,12,2,2
700,701,103,헐리우드 더블,15.0,12,2,2
701,702,103,[타임세일] 스탠다드 더블,15.0,12,2,2
702,703,103,[타임세일] 스탠다드 트윈,15.0,12,2,2
703,704,103,[슬립몬스터] 헐리우드 더블,15.0,12,2,2
704,705,103,[조식 1인 패키지] 스탠다드 더블,15.0,12,2,2
705,706,103,디럭스 더블,15.0,12,2,2
706,707,103,디럭스 트윈,15.0,12,2,2
707,708,103,디럭스 프리미어 더블룸,15.0,12,2,2
708,709,103,[조식 2인 패키지] 스탠다드 더블,15.0,12,2,2
709,710,103,[조식 2인 패키지] 스탠다드 트윈,15.0,12,2,2
710,711,103,에이든 쿼드러플 스위트,15.0,12,2,2
711,712,108,스탠다드 트윈 (빌리지뷰),15.0,12,2,2
712,713,108,스탠다드 더블,15.0,12,2,2
713,714,108,스탠다드 패밀리 트윈 (빌리지뷰),15.0,12,2,2
714,715,108,디럭스 더블 (빌리지뷰),15.0,12,2,2
715,716,108,디럭스 트윈 (빌리지뷰),15.0,12,2,2
716,717,108,[넷플릭스 OTT 패키지] 디럭스 트윈 (빌리지뷰),15.0,12,2,2
717,718,108,디럭스 더블 (시티뷰),15.0,12,2,2
718,719,108,[조식 2인 패키지] 스탠다드 트윈 (빌리지뷰),15.0,12,2,2
719,720,108,[조식 2인 패키지] 스탠다드 더블,15.0,12,2,2
720,721,108,"컴포트 레저 (65인치 TV, 모션베드)",15.0,12,2,2
721,722,108,[미니바 패키지] 프리미어 더블 (빌리지뷰),15.0,12,2,2
722,723,108,[미니바 패키지] 프리미어 더블 (시티뷰),15.0,12,2,2
723,724,108,[조식 2인 패키지] 디럭스 더블 (시티뷰),15.0,12,2,2
724,725,108,[조식 2인 패키지] 컴포트 레저,15.0,12,2,2
725,726,110,[Book Early & Save-룸온리] 클래식 킹,15.0,11,2,3
726,727,110,[Book Early & Save-룸온리] 클래식 트윈,15.0,11,2,3
727,728,110,[Book Early & Save-조식 2인] 클래식 킹,15.0,11,2,3
728,729,110,[Book Early & Save-조식 2인] 클래식 트윈,15.0,11,2,3
729,730,110,[Book Early & Save-룸온리] 주니어 스위트 킹,15.0,11,2,3
730,731,110,[Room only] 클래식 킹,15.0,11,2,3
731,732,110,[Room only] 클래식 트윈,15.0,11,2,3
732,733,110,[Movie Night 패키지-영화관람권 2매] 클래식 킹,15.0,11,2,3
733,734,110,[Book Early & Save-조식 2인] 주니어 스위트 킹,15.0,11,2,3
734,735,110,[조식 2인 패키지] 클래식 킹,15.0,11,2,3
735,736,110,[조식 2인 패키지] 클래식 트윈,15.0,11,2,3
736,737,110,[인 룸 조식 패키지] 클래식 킹,15.0,11,2,3
737,738,110,[Room only] 주니어 스위트 킹,15.0,11,2,3
738,739,110,[Movie Night 패키지-영화관람권 2매] 주니어...,15.0,11,2,3
739,740,110,[레이디스 나잇 아웃 패키지] 주니어 스위트 킹,15.0,11,2,3
740,741,110,[조식 2인 패키지] 주니어 스위트 킹,15.0,11,2,3
741,742,110,[Room only] 클럽 주니어 스위트 킹,15.0,11,2,3
742,743,112,스탠다드 더블,14.0,12,2,2
743,744,112,스탠다드 트윈,14.0,12,2,2
744,745,112,[Steal a Towel 패키지] 스탠다드 더블,14.0,12,2,2
745,746,112,[Steal a Towel 패키지] 스탠다드 트윈,14.0,12,2,2
746,747,112,슈페리어 더블,14.0,12,2,2
747,748,112,슈페리어 트윈,14.0,12,2,2
748,749,112,[스트리밍 패키지] 슈페리어 더블(셋톱박스 ...,14.0,12,2,2
749,750,112,[조식 2인 패키지] 스탠다드 더블,14.0,12,2,2
750,751,112,[조식 2인 패키지] 스탠다드 트윈,14.0,12,2,2
751,752,112,[Steal a Towel 패키지] 슈페리어 더블,14.0,12,2,2
752,753,112,[Steal a Towel 패키지] 슈페리어 트윈,14.0,12,2,2
753,754,112,[조식 2인 패키지] 슈페리어 더블,14.0,12,2,2
754,755,112,[조식 2인 패키지] 슈페리어 트윈,14.0,12,2,2
755,756,113,배리어 프리 룸 (장애인 객실),15.0,12,2,2
756,757,113,프티 퀸,15.0,12,2,2
757,758,113,프티 트윈,15.0,12,2,2
758,759,113,[조식 2인 패키지] 프티 트윈,15.0,12,2,2
759,760,113,부티크 킹,15.0,12,2,2
760,761,113,시그니처 킹,15.0,12,2,2
761,762,113,부티크 킹 테라스,15.0,12,2,2
762,763,113,시그니처 킹 테라스,15.0,12,2,2
763,764,113,파노라믹 스위트,15.0,12,2,2
764,765,114,스탠다드 싱글룸,15.0,12,1,1
765,766,114,슈페리어 싱글룸 (10~16층),15.0,12,1,1
766,767,114,스탠다드 더블룸,15.0,12,1,1
767,768,114,스탠다드 싱글룸 (1인 조식포함),15.0,12,1,1
768,769,114,슈페리어 더블룸 (10~16층),15.0,12,1,1
769,770,114,슈페리어 싱글룸 (10~16층/1인 조식),15.0,12,1,1
770,771,114,스탠다드 퀸룸,15.0,12,1,1
771,772,114,스탠다드 트윈룸,15.0,12,1,1
772,773,114,슈페리어 퀸룸 (10~16층),15.0,12,1,1
773,774,114,슈페리어 트윈룸 (10~16층),15.0,12,1,1
774,775,114,스탠다드 더블룸 (2인 조식포함),15.0,12,1,1
775,776,114,슈페리어 더블룸 (10~16층/2인 조식),15.0,12,1,1
776,777,114,스탠다드 퀸룸 (2인 조식포함),15.0,12,1,1
777,778,114,스탠다드 트윈룸 (2인 조식포함),15.0,12,1,1
778,779,114,슈페리어 퀸룸 (10~16층/2인 조식),15.0,12,1,1
779,780,114,슈페리어 트윈룸 (10~16층/2인 조식),15.0,12,1,1
780,781,114,디럭스 트윈,15.0,12,1,1
781,782,115,[단독특가] 스탠다드 더블,14.0,12,2,2
782,783,115,스탠다드 더블,14.0,12,2,2
783,784,115,[단둘이 룸콕! 특가] 슈페리어 트윈 (싱글+싱글),14.0,12,2,2
784,785,115,[연박특가] 스탠다드 더블,14.0,12,2,2
785,786,115,디럭스 트윈,14.0,12,2,2
786,787,115,[연박특가] 디럭스 트윈,14.0,12,2,2
787,788,115,선샤인 스위트,14.0,12,2,2
788,789,116,15평 슈페리어 더블_호텔 (주차불가),16.0,11,2,2
789,790,116,15평 슈페리어 더블_레지던스 (주차불가),16.0,11,2,2
790,791,116,15평 슈페리어 트윈_레지던스 (주차불가),16.0,11,2,2
791,792,116,19평 디럭스 더블 (복층),16.0,11,2,2
792,793,116,35평 스위트,16.0,11,2,2
793,794,119,체크인 시 배정 (주차불가&도보이용),15.0,12,2,2
794,795,119,더블 (주차불가&도보이용),15.0,12,2,2
795,796,119,트윈,15.0,12,2,2
796,797,119,더블,15.0,12,2,2
797,798,119,디럭스 더블,15.0,12,2,2
798,799,119,헐리우드,15.0,12,2,2
799,800,119,트리플,15.0,12,2,2
800,801,119,라비타 스위트,15.0,12,2,2
801,802,119,청담 스위트,15.0,12,2,2
802,803,120,슈페리어 더블,15.0,11,2,2
803,804,120,슈페리어 트윈,15.0,11,2,2
804,805,120,디럭스 트윈,15.0,11,2,2
805,806,120,코리안 스위트,15.0,11,2,2
806,807,120,그라모스 패밀리 스위트,15.0,11,2,2
807,808,123,스튜디오 슈페리어 (더블),15.0,11,2,3
808,809,123,스튜디오 슈페리어 (트윈),15.0,11,2,3
809,810,123,[특가] 스튜디오 슈페리어 (더블),15.0,11,2,3
810,811,123,[특가] 스튜디오 슈페리어 (트윈),15.0,11,2,3
811,812,123,1 베드룸 슈페리어,15.0,11,2,3
812,813,123,[특가] 1 베드룸 슈페리어,15.0,11,2,3
813,814,130,A-2,15.0,11,2,4
814,815,130,A-5,15.0,11,2,4
815,816,130,A-3,15.0,11,2,4
816,817,130,숲속 단체방(카라반이 아닌 일반객실형),15.0,11,2,4
817,818,130,A-7,15.0,11,2,4
818,819,130,A-8,15.0,11,2,4
819,820,130,A-1,15.0,11,2,4
820,821,130,북극 단체방(카라반이 아닌 객실형),15.0,11,2,4
821,822,130,A-4,15.0,11,2,4
822,823,130,펜션2,15.0,11,2,4
823,824,130,A-6,15.0,11,2,4
824,825,130,바다 단체방(카라반이 아닌 객실형),15.0,11,2,4
825,826,130,펜션1,15.0,11,2,4
826,827,130,우주 단체방(카라반이 아닌 객실형),15.0,11,2,4
827,828,131,핑크룸,15.0,11,2,8
828,829,131,골드룸,15.0,11,2,8
829,830,131,블루룸,15.0,11,2,8
830,831,131,새콤룸,15.0,11,2,8
831,832,131,달콤룸,15.0,11,2,8
832,833,131,믿음룸,15.0,11,2,8
833,834,131,소망룸,15.0,11,2,8
834,835,131,사랑룸,15.0,11,2,8
835,836,131,[당일이용-숙박불가] 당일피크닉 카라반(랜덤...,15.0,11,2,8
836,837,131,럭셔리카라반레드,15.0,11,2,8
837,838,131,럭셔리카라반오렌지,15.0,11,2,8
838,839,131,럭셔리카라반옐로우,15.0,11,2,8
839,840,131,럭셔리카라반그린,15.0,11,2,8
840,841,131,럭셔리카라반블루,15.0,11,2,8
841,842,131,럭셔리카라반네이비,15.0,11,2,8
842,843,131,럭셔리카라반퍼플,15.0,11,2,8
843,844,131,럭셔리키즈카라반,15.0,11,2,8
844,845,132,물봉선1,15.0,11,2,4
845,846,132,물봉선2,15.0,11,2,4
846,847,132,흰봉선,15.0,11,2,4
847,848,132,노랑봉선,15.0,11,2,4
848,849,134,견우직녀달,15.0,11,2,2
849,850,134,잎새달,15.0,11,2,2
850,851,134,타오름달,15.0,11,2,2
851,852,134,누리달,15.0,11,2,2
852,853,134,푸른달,15.0,11,2,2
853,854,136,B동102호 (POOL)키즈룸(애견불가),15.0,11,2,4
854,855,136,B동101호 (POOL)애견동반,15.0,11,2,4
855,856,136,D동103호 (애견동반),15.0,11,2,4
856,857,136,C동103호 (애견동반),15.0,11,2,4
857,858,136,D동101(POOL)애견불가,15.0,11,2,4
858,859,136,D동102호 (POOL)애견불가,15.0,11,2,4
859,860,136,C동102호 (POOL)키즈룸(애견불가),15.0,11,2,4
860,861,136,C동101호 (POOL)애견동반,15.0,11,2,4
861,862,136,A동101호 독채(애견불가),15.0,11,2,4
862,863,137,솔내음,14.0,11,2,4
863,864,137,로즈,14.0,11,2,4
864,865,137,민트,14.0,11,2,4
865,866,137,솔방울,14.0,11,2,4
866,867,137,레몬,14.0,11,2,4
867,868,137,소나무,14.0,11,2,4
868,869,137,솔향기,14.0,11,2,4
869,870,138,화이트,15.0,11,2,2
870,871,138,디자인,15.0,11,2,2
871,872,138,클래식,15.0,11,2,2
872,873,138,프로방스,15.0,11,2,2
873,874,138,블랙모던,15.0,11,2,2
874,875,139,E11(풀장없음/애견동반가능),16.0,11,2,4
875,876,139,E12(애견동반가능),16.0,11,2,4
876,877,139,F14(애견동반가능),16.0,11,2,4
877,878,139,E13(애견동반가능),16.0,11,2,4
878,879,139,F15(애견동반가능),16.0,11,2,4
879,880,139,F17(애견동반가능),16.0,11,2,4
880,881,139,A2,16.0,11,2,4
881,882,139,B5,16.0,11,2,4
882,883,139,C9,16.0,11,2,4
883,884,139,B6,16.0,11,2,4
884,885,139,B7(애견동반가능),16.0,11,2,4
885,886,139,B16(애견동반가능),16.0,11,2,4
886,887,139,D10,16.0,11,2,4
887,888,140,B201 (원룸 월풀스파),15.0,11,2,3
888,889,140,B102 (스파룸),15.0,11,2,3
889,890,140,B101 (복층 스파룸),15.0,11,2,3
890,891,140,C동 (스파룸),15.0,11,2,3
891,892,140,A동 (독채 풀빌라),15.0,11,2,3
892,893,143,어울림 (독채),15.0,11,2,6
893,894,143,카키 (스파),15.0,11,2,6
894,895,143,옐로우 (스파),15.0,11,2,6
895,896,143,아바타VIP (스파),15.0,11,2,6
896,897,143,핑크 (스파),15.0,11,2,6
897,898,143,속삭임 (독채),15.0,11,2,6
898,899,145,패밀리B,15.0,11,5,7
899,900,145,패밀리A,15.0,11,5,7
900,901,145,그룹룸A,15.0,11,5,7
901,902,145,그룹룸B,15.0,11,5,7
902,903,145,그랜드B,15.0,11,5,7
903,904,145,그랜드A,15.0,11,5,7
904,905,147,글라디올러스,15.0,11,2,3
905,906,147,아도니스,15.0,11,2,3
906,907,147,칼미아,15.0,11,2,3
907,908,147,루피나스,15.0,11,2,3
908,909,150,1호(히노끼탕O),15.0,11,6,10
909,910,150,5호(히노끼탕X),15.0,11,6,10
910,911,150,2호(히노끼탕O),15.0,11,6,10
911,912,150,3호(히노끼탕X),15.0,11,6,10
912,913,153,꽃향기,15.0,12,2,4
913,914,153,풀내음,15.0,12,2,4
914,915,153,시냇물,15.0,12,2,4
915,916,153,새소리,15.0,12,2,4
916,917,153,오솔길,15.0,12,2,4
917,918,154,별빛달빛,15.0,11,2,2
918,919,154,붉은노을,15.0,11,2,2
919,920,154,햇님달님,15.0,11,2,2
920,921,154,산들바람,15.0,11,2,2
921,922,154,아침햇살,15.0,11,2,2
922,923,154,단체룸,15.0,11,2,2
923,924,155,A동,14.0,12,2,4
924,925,155,B동,14.0,12,2,4
925,926,155,본관2층,14.0,12,2,4
926,927,156,커플룸1,15.0,11,2,4
927,928,156,커플룸2,15.0,11,2,4
928,929,156,독채형,15.0,11,2,4
929,930,157,풀향기온돌,15.0,12,4,7
930,931,157,풀향기온돌,15.0,12,4,7
931,932,157,풀향기침대,15.0,12,4,7
932,933,157,풀향기침대,15.0,12,4,7
933,934,157,풀향기침대,15.0,12,4,7
934,935,157,풀향기28평,15.0,12,4,7
935,936,157,풀향기30평,15.0,12,4,7
936,937,157,풀향기40평,15.0,12,4,7
937,938,157,캐슬1호,15.0,12,4,7
938,939,157,캐슬2호,15.0,12,4,7
939,940,157,풀향기49평,15.0,12,4,7
940,941,157,캐슬3호,15.0,12,4,7
941,942,157,캐슬4호,15.0,12,4,7
942,943,157,풀향기69평,15.0,12,4,7
943,944,157,풀향기90평,15.0,12,4,7
944,945,161,B_201,14.0,12,2,3
945,946,161,B_202,14.0,12,2,3
946,947,161,A_201,14.0,12,2,3
947,948,161,A_301,14.0,12,2,3
948,949,161,B_101,14.0,12,2,3
949,950,161,B_301(단체),14.0,12,2,3
950,951,162,복층형,15.0,11,2,6
951,952,162,복층형 (애견동반가능),15.0,11,2,6
952,953,163,프로방스,14.0,11,2,3
953,954,163,라스베가스,14.0,11,2,3
954,955,163,그랜드캐년,14.0,11,2,3
955,956,163,황토방,14.0,11,2,3
956,957,163,키즈랜드,14.0,11,2,3
957,958,166,별님동_백조,15.0,11,2,4
958,959,166,별님동_안드로메다,15.0,11,2,4
959,960,166,별님동_오리온,15.0,11,2,4
960,961,166,별님동_왕관,15.0,11,2,4
961,962,166,별님동_북두칠성,15.0,11,2,4
962,963,166,별님동_폴라리스,15.0,11,2,4
963,964,166,해님동_사랑해,15.0,11,2,4
964,965,166,해님동_좋아해,15.0,11,2,4
965,966,166,구름동_황토,15.0,11,2,4
966,967,166,구름동_무지개,15.0,11,2,4
967,968,166,달님동_그믐달,15.0,11,2,4
968,969,166,달님동_반달,15.0,11,2,4
969,970,166,달님동_보름달,15.0,11,2,4
970,971,166,달님동_초생달,15.0,11,2,4
971,972,166,해님동_영원해,15.0,11,2,4
972,973,166,구름동_구름,15.0,11,2,4
973,974,167,LOVE,15.0,11,2,4
974,975,167,INDEPENDENCE,15.0,11,2,4
975,976,167,FREEDOM,15.0,11,2,4
976,977,169,반딧불,15.0,11,4,4
977,978,169,풍뎅이,15.0,11,4,4
978,979,169,물방개,15.0,11,4,4
979,980,169,별무리,15.0,11,4,4
980,981,169,아침햇살,15.0,11,4,4
981,982,169,푸른냇가,15.0,11,4,4
982,983,169,햇무리,15.0,11,4,4
983,984,169,저녁노을,15.0,11,4,4
984,985,169,푸른하늘,15.0,11,4,4
985,986,169,달무리,15.0,11,4,4
986,987,171,A102,15.0,11,2,4
987,988,171,C102,15.0,11,2,4
988,989,171,B101,15.0,11,2,4
989,990,171,B102,15.0,11,2,4
990,991,171,황토방1,15.0,11,2,4
991,992,171,C101,15.0,11,2,4
992,993,171,황토방2,15.0,11,2,4
993,994,171,A101,15.0,11,2,4
994,995,171,A202,15.0,11,2,4
995,996,171,A201,15.0,11,2,4
996,997,171,C201,15.0,11,2,4
997,998,171,B201,15.0,11,2,4
998,999,171,B202,15.0,11,2,4
999,1000,171,C202,15.0,11,2,4
1000,1001,171,본관101,15.0,11,2,4
1001,1002,171,본관2층,15.0,11,2,4
1002,1003,172,물망초 (Fresh1),15.0,11,2,4
1003,1004,172,에델바이스 (Fresh2),15.0,11,2,4
1004,1005,172,들꽃 (Sweet2),15.0,11,2,4
1005,1006,172,작은모임 (Sweet01),15.0,11,2,4
1006,1007,173,다솔A,15.0,11,2,3
1007,1008,173,예솔A,15.0,11,2,3
1008,1009,173,진솔A,15.0,11,2,3
1009,1010,173,한솔A,15.0,11,2,3
1010,1011,173,다솔B,15.0,11,2,3
1011,1012,173,예솔B,15.0,11,2,3
1012,1013,173,진솔B,15.0,11,2,3
1013,1014,173,한솔B,15.0,11,2,3
1014,1015,173,나무소리,15.0,11,2,3
1015,1016,173,물소리,15.0,11,2,3
1016,1017,173,산소리,15.0,11,2,3
1017,1018,173,새소리,15.0,11,2,3
1018,1019,173,별무리,15.0,11,2,3
1019,1020,173,창솔,15.0,11,2,3
1020,1021,173,큰솔,15.0,11,2,3
1021,1022,173,해오름,15.0,11,2,3
1022,1023,174,황토방,15.0,11,2,4
1023,1024,174,작은꽃방,15.0,11,2,4
1024,1025,174,큰나무방,15.0,11,2,4
1025,1026,175,머큐리,15.0,12,2,4
1026,1027,175,넵튠,15.0,12,2,4
1027,1028,175,문,15.0,12,2,4
1028,1029,175,새턴,15.0,12,2,4
1029,1030,175,비너스,15.0,12,2,4
1030,1031,178,봄,15.0,11,2,2
1031,1032,178,여름,15.0,11,2,2
1032,1033,178,가을,15.0,11,2,2
1033,1034,178,겨울,15.0,11,2,2
1034,1035,178,사계,15.0,11,2,2
1035,1036,178,보라 101호,15.0,11,2,2
1036,1037,178,보라201호,15.0,11,2,2
1037,1038,178,핑크101호,15.0,11,2,2
1038,1039,178,핑크201호,15.0,11,2,2
1039,1040,178,민트201호,15.0,11,2,2
1040,1041,178,민트202호,15.0,11,2,2
1041,1042,180,2호,15.0,11,2,2
1042,1043,180,3호,15.0,11,2,2
1043,1044,180,4호,15.0,11,2,2
1044,1045,180,1호,15.0,11,2,2
1045,1046,180,5호,15.0,11,2,2
1046,1047,180,별관,15.0,11,2,2
1047,1048,180,본관,15.0,11,2,2
1048,1049,181,황토10평,15.0,11,2,2
1049,1050,181,돔하우스B동,15.0,11,2,2
1050,1051,181,돔하우스A동,15.0,11,2,2
1051,1052,181,황토25평,15.0,11,2,2
1052,1053,181,황토35평,15.0,11,2,2
1053,1054,182,어반,15.0,12,2,2
1054,1055,182,에코,15.0,12,2,2
1055,1056,182,스페이스,15.0,12,2,2
1056,1057,183,독채,15.0,11,6,16
1057,1058,185,아기별,15.0,12,2,4
1058,1059,185,별똥별,15.0,12,2,4
1059,1060,185,샛별,15.0,12,2,4
1060,1061,185,큰별,15.0,12,2,4
1061,1062,187,금강,14.0,12,4,6
1062,1063,187,초롱,14.0,12,4,6
1063,1064,189,커플,14.0,11,2,2
1064,1065,189,독채,14.0,11,2,2
1065,1066,191,블루 (신축),15.0,11,3,4
1066,1067,191,"레드 (풀빌라,신축)",15.0,11,3,4
1067,1068,191,"독채 레드+블루(풀빌라, 신축, 독채)",15.0,11,3,4
1068,1069,193,개미와베짱이(히노끼탕),15.0,11,2,2
1069,1070,193,꼬리없는여우(월풀스파),15.0,11,2,2
1070,1071,193,사자와생쥐(히노끼탕),15.0,11,2,2
1071,1072,193,여우와포도(월풀스파),15.0,11,2,2
1072,1073,193,해와바람,15.0,11,2,2
1073,1074,194,본관2층,15.0,12,4,8
1074,1075,194,본관1층,15.0,12,4,8
1075,1076,194,그랜드룸(단체),15.0,12,4,8
1076,1077,194,전체(단체),15.0,12,4,8
1077,1078,195,황토찜질방,14.0,11,8,12
1078,1079,195,그랜드룸2,14.0,11,8,12
1079,1080,195,그랜드룸,14.0,11,8,12
1080,1081,196,몽1(애견동반),15.0,11,2,4
1081,1082,196,몽2(애견동반),15.0,11,2,4
1082,1083,196,몽4(애견동반),15.0,11,2,4
1083,1084,196,가족룸(애견동반),15.0,11,2,4
1084,1085,199,"블루동(스파,하늘창,독채,개별바베큐)",15.0,11,2,4
1085,1086,199,"옐로우동(스파,하늘창,독채,개별바베큐)",15.0,11,2,4
1086,1087,199,"오렌지동(스파,하늘창,독채,개별바베큐)",15.0,11,2,4
1087,1088,199,"퍼플동(스파,하늘창,독채,개별바베큐)",15.0,11,2,4
1088,1089,200,양평휴독채,14.0,12,12,15
1089,1090,202,201호,14.0,11,2,2
1090,1091,202,301호,14.0,11,2,2
1091,1092,202,202호,14.0,11,2,2
1092,1093,202,205호,14.0,11,2,2
1093,1094,202,204호,14.0,11,2,2
1094,1095,202,203호,14.0,11,2,2
1095,1096,202,마로니에 독채,14.0,11,2,2
1096,1097,202,블루문 2층독채,14.0,11,2,2
1097,1098,203,독채,13.0,1130,10,20
1098,1099,205,별장형 독채,14.0,11,8,10
1099,1100,207,데이지(스파),1430.0,11,2,3
1100,1101,207,바이올렛(스파),1430.0,11,2,3
1101,1102,207,아이리스(스파),1430.0,11,2,3
1102,1103,207,튤립(스파),1430.0,11,2,3
1103,1104,207,스위트(스파),1430.0,11,2,3
1104,1105,207,"마몽드(독채,풀빌라)",1430.0,11,2,3
1105,1106,208,H101,14.0,11,2,4
1106,1107,208,H201,14.0,11,2,4
1107,1108,208,H301,14.0,11,2,4
1108,1109,208,H401,14.0,11,2,4
1109,1110,208,H701,14.0,11,2,4
1110,1111,210,그린_1층단독,15.0,11,8,10
1111,1112,210,오렌지_2층단독,15.0,11,8,10
1112,1113,211,폴라리스,15.0,11,2,4
1113,1114,211,제우스,15.0,11,2,4
1114,1115,211,비너스,15.0,11,2,4
1115,1116,211,북두칠성,15.0,11,2,4
1116,1117,212,바람,14.0,12,2,4
1117,1118,212,산들,14.0,12,2,4
1118,1119,212,장미(가족룸),14.0,12,2,4
1119,1120,212,해바라기(가족룸),14.0,12,2,4
1120,1121,213,데이지,14.0,12,3,4
1121,1122,213,라일락,14.0,12,3,4
1122,1123,213,자스민,14.0,12,3,4
1123,1124,213,수선화,14.0,12,3,4
1124,1125,213,로즈핑크,14.0,12,3,4
1125,1126,213,물망초,14.0,12,3,4
1126,1127,213,프리지아,14.0,12,3,4
1127,1128,213,히야신스,14.0,12,3,4
1128,1129,213,라벤더,14.0,12,3,4
1129,1130,214,새소리,15.0,11,2,2
1130,1131,214,물소리,15.0,11,2,2
1131,1132,214,달맞이,15.0,11,2,2
1132,1133,214,해맞이,15.0,11,2,2
1133,1134,214,별맞이,15.0,11,2,2
1134,1135,214,토브(단체),15.0,11,2,2
1135,1136,215,캠핑장1(선착순배정),14.0,11,4,4
1136,1137,215,캠핑장2(선착순배정),14.0,11,4,4
1137,1138,215,캠핑장3(선착순배정),14.0,11,4,4
1138,1139,215,캠핑장4(선착순배정),14.0,11,4,4
1139,1140,215,캠핑장5(선착순배정),14.0,11,4,4
1140,1141,215,캠핑장6(선착순배정),14.0,11,4,4
1141,1142,215,캠핑장7(선착순배정),14.0,11,4,4
1142,1143,215,캠핑장8(선착순배정),14.0,11,4,4
1143,1144,215,캠핑장9(선착순배정),14.0,11,4,4
1144,1145,215,캠핑장10(선착순배정),14.0,11,4,4
1145,1146,215,캠핑장11(선착순배정),14.0,11,4,4
1146,1147,215,캠핑장12(선착순배정),14.0,11,4,4
1147,1148,215,캠핑장13(선착순배정),14.0,11,4,4
1148,1149,215,2층방갈로,14.0,11,4,4
1149,1150,215,계곡존데크2팀,14.0,11,4,4
1150,1151,215,물소리,14.0,11,4,4
1151,1152,215,새소리,14.0,11,4,4
1152,1153,215,해바라기(독채),14.0,11,4,4
1153,1154,218,민트(2층),14.0,11,2,4
1154,1155,218,아이리스(2층),14.0,11,2,4
1155,1156,218,아이비(1층),14.0,11,2,4
1156,1157,218,라벤더(2층),14.0,11,2,4
1157,1158,218,로즈마리(1층),14.0,11,2,4
1158,1159,218,물소리(독채),14.0,11,2,4
1159,1160,222,10평형,14.0,12,2,4
1160,1161,222,16평형,14.0,12,2,4
1161,1162,224,나동,15.0,11,4,4
1162,1163,224,다동,15.0,11,4,4
1163,1164,224,가동,15.0,11,4,4
1164,1165,230,기쁨,14.0,11,2,4
1165,1166,230,나눔,14.0,11,2,4
1166,1167,230,사랑,14.0,11,2,4
1167,1168,230,소망,14.0,11,2,4
1168,1169,230,행복,14.0,11,2,4
1169,1170,235,큐브둘,15.0,11,2,4
1170,1171,235,큐브셋,15.0,11,2,4
1171,1172,235,큐브하나,15.0,11,2,4
1172,1173,235,큐브넷,15.0,11,2,4
1173,1174,235,큐브다섯,15.0,11,2,4
1174,1175,235,큐브여섯,15.0,11,2,4
1175,1176,237,사랑(독채),15.0,11,4,6
1176,1177,237,소망(독채),15.0,11,4,6
1177,1178,237,믿음독채(사랑+소망),15.0,11,4,6
1178,1179,239,로맨틱러브(복층),15.0,11,2,4
1179,1180,239,뷰티풀러브,15.0,11,2,4
1180,1181,239,스위티러브(복층),15.0,11,2,4
1181,1182,239,큐트러브,15.0,11,2,4
1182,1183,239,퍼스트러브,15.0,11,2,4
1183,1184,239,포에버러브,15.0,11,2,4
1184,1185,239,러브스토리,15.0,11,2,4
1185,1186,239,엔들레스러브(복층),15.0,11,2,4
1186,1187,240,BAO-301,15.0,11,2,2
1187,1188,240,BAO-302,15.0,11,2,2
1188,1189,240,BAO-303,15.0,11,2,2
1189,1190,240,BAO-103,15.0,11,2,2
1190,1191,240,BAO-201,15.0,11,2,2
1191,1192,240,BAO-202,15.0,11,2,2
1192,1193,240,BAO-203,15.0,11,2,2
1193,1194,240,BAO-101,15.0,11,2,2
1194,1195,240,BAO-102,15.0,11,2,2
1195,1196,241,유로 그랜드,15.0,11,8,15
1196,1197,241,모던 그랜드,15.0,11,8,15
1197,1198,242,핑크뮬리,15.0,11,2,2
1198,1199,242,로즈마리,15.0,11,2,2
1199,1200,242,애플민트,15.0,11,2,2
1200,1201,242,메리골드,15.0,11,2,2
1201,1202,243,가온누리,15.0,11,2,4
1202,1203,243,안다미로,15.0,11,2,4
1203,1204,243,온새미로,15.0,11,2,4
1204,1205,244,가동,15.0,11,10,15
1205,1206,244,나동,15.0,11,10,15
1206,1207,245,소피아2호,15.0,11,2,2
1207,1208,245,오슬로2호,15.0,11,2,2
1208,1209,245,오슬로3호,15.0,11,2,2
1209,1210,245,소피아1호,15.0,11,2,2
1210,1211,245,오슬로1호,15.0,11,2,2
1211,1212,245,피렌체3호,15.0,11,2,2
1212,1213,245,오슬로4호,15.0,11,2,2
1213,1214,245,피렌체2호,15.0,11,2,2
1214,1215,245,소피아3호,15.0,11,2,2
1215,1216,245,피렌체1호,15.0,11,2,2
1216,1217,245,프로방스3호,15.0,11,2,2
1217,1218,245,프로방스4호,15.0,11,2,2
1218,1219,245,프로방스2호,15.0,11,2,2
1219,1220,245,프로방스1호,15.0,11,2,2
1220,1221,245,루체른1호,15.0,11,2,2
1221,1222,245,루체른2호,15.0,11,2,2
1222,1223,246,203호(커플),15.0,11,2,2
1223,1224,246,205호,15.0,11,2,2
1224,1225,246,201호,15.0,11,2,2
1225,1226,246,202호,15.0,11,2,2
1226,1227,246,204호,15.0,11,2,2
1227,1228,246,특실(단체룸),15.0,11,2,2
1228,1229,248,꽃향기방,15.0,11,5,6
1229,1230,248,봄향기방,15.0,11,5,6
1230,1231,248,아침향기방,15.0,11,5,6
1231,1232,249,2층 패밀리룸,14.0,12,6,9
1232,1233,249,1층 그랜드룸,14.0,12,6,9
1233,1234,249,1층2층 독채,14.0,12,6,9
1234,1235,250,아미방,15.0,11,4,6
1235,1236,250,요미방,15.0,11,4,6
1236,1237,251,비쥬,15.0,11,2,4
1237,1238,251,아베끄,15.0,11,2,4
1238,1239,251,래즈,15.0,11,2,4
1239,1240,252,앵무새(1층),15.0,11,2,4
1240,1241,252,파랑새(2층),15.0,11,2,4
1241,1242,252,그랜드룸,15.0,11,2,4
1242,1243,253,빅토리아,14.0,11,2,4
1243,1244,253,인버디아,14.0,11,2,4
1244,1245,253,판탄소스,14.0,11,2,4
1245,1246,253,포루투나,14.0,11,2,4
1246,1247,255,루비,14.0,11,2,2
1247,1248,255,비취,14.0,11,2,2
1248,1249,255,진주,14.0,11,2,2
1249,1250,255,까메오(복층),14.0,11,2,2
1250,1251,255,자수정(복층),14.0,11,2,2
1251,1252,255,제이드(복층),14.0,11,2,2
1252,1253,255,터키석(복층),14.0,11,2,2
1253,1254,255,흑진주(복층),14.0,11,2,2
1254,1255,255,에메랄드(복층),14.0,11,2,2
1255,1256,256,그린,14.0,11,2,2
1256,1257,256,골드,14.0,11,2,2
1257,1258,256,화이트,14.0,11,2,2
1258,1259,256,블루,14.0,11,2,2
1259,1260,256,블랙,14.0,11,2,2
1260,1261,256,레드,14.0,11,2,2
1261,1262,256,그레이,14.0,11,2,2
1262,1263,258,노루,15.0,12,4,6
1263,1264,258,사슴,15.0,12,4,6
1264,1265,258,토끼,15.0,12,4,6
1265,1266,258,다람쥐,15.0,12,4,6
1266,1267,258,다람쥐+사슴,15.0,12,4,6
1267,1268,258,코끼리,15.0,12,4,6
1268,1269,259,2층 3층(독채형),15.0,11,5,10
1269,1270,261,103호,15.0,11,4,6
1270,1271,261,203호,15.0,11,4,6
1271,1272,261,3층,15.0,11,4,6
1272,1273,261,독채1,15.0,11,4,6
1273,1274,264,소가족방,15.0,11,2,5
1274,1275,264,가족방,15.0,11,2,5
1275,1276,264,단체방,15.0,11,2,5
